employerJobCount,date,country,maskedEmployerName,employerAccountDateCreated,advtype,avgoverallcompanyrating,jobagedays,jobdatecreated,descriptionLengthChars,candStatusReviewedCount,supervisingJob,licenseRequiredJob,noEducationRequirementsJob,highSchoolEducationRequirementsJob,higherEducationRequirementsJob,applies,clicks,yearWeekOfYear,advDateCreatedDate,employeecount,normtitle,employerIndustry,normtitlecategory,admin1,city,jobHash
3,2017-05-09,US,Company1297080138153,20170321,Direct Employer,0,16,20170423,2222,3,0,0,0,0,0,6,35,201719,2017-03-21,50-149,software test engineer,Technology/Information,techsoftware,MA,Westport,Company12970801381533
5,2017-09-02,US,Company1228360646930,20170803,Staffing Agency,40,23,20170810,713,1,0,0,0,0,0,2,19,201735,2017-08-03,750-999,software engineer,Energy/Utilities,techsoftware,CO,Denver,Company12283606469305
1,2017-01-01,US,Company1125281433144,20161007,Direct Employer,0,53,20161109,1296,1,0,0,0,0,0,4,27,201752,2016-10-07,1000+,urologist,Hospitality/Travel,meddr,NY,Alden,Company11252814331441
1,2017-05-26,US,Company472446423642,20170328,none,0,59,20170328,375,3,0,0,0,0,0,7,39,201721,2017-03-28,250-499,quality service representative,Financial Services/Banking,customer,IN,Logansport,Company4724464236421
7,2016-12-11,US,Company1288490190425,20160127,Direct Employer,0,87,20160915,1646,4,0,0,0,0,0,6,35,201649,2016-01-27,1-49,production assistant,Energy/Utilities,admin,MI,Kentwood,Company12884901904257
105,2017-02-07,US,Company979252544718,20150813,Direct Employer,0,0,20170207,3876,35,0,1,0,1,0,131,535,20176,2015-08-13,150-249,company driver,Health Care/Medical,driver,NY,Town of Brighton,Company979252544718105
151,2017-10-10,US,Company1443109012014,20121203,Direct Employer,0,78,20170724,2527,0,0,0,0,0,0,4,27,201741,2012-12-03,1-49,laser technician,Education,uncategorized,CA,Pacific Palisades,Company1443109012014151
34,2017-10-18,US,Company558345751782,20150108,Direct Employer,0,26,20170922,2642,0,0,0,0,0,0,4,27,201742,2015-01-08,500-749,line cook/prep cook,Food/Beverage Services,food,MN,Pine Island,Company55834575178234
26,2017-12-01,US,Company1563368103172,20171019,none,0,3,20171128,2178,14,0,0,0,0,0,19,87,201748,2017-10-19,250-499,it technician,Energy/Utilities,techhelp,MO,Rogersville,Company156336810317226
41,2016-12-10,US,Company695784702758,20150115,Staffing Agency,0,80,20160921,1842,0,0,0,0,0,0,6,35,201649,2015-01-15,250-499,electronic assembler,Staffing Firm (General),manufacturing,CA,Anaheim,Company69578470275841
11,2017-12-01,US,Company111669150600,20170506,Direct Employer,39,44,20171018,4553,2,0,0,0,0,0,5,31,201748,2017-05-06,250-499,senior project manager,Retail/Consumer Products,project,CA,Santa Clara,Company11166915060011
27,2017-04-25,US,Company1202590843259,20160414,Staffing Agency,0,25,20170331,1071,1,0,0,0,0,0,3,23,201717,2016-04-14,150-249,chief executive officer,Health Care/Medical,management,CA,San Francisco,Company120259084325927
20,2016-12-26,US,Company515396077136,20140312,Direct Employer,0,25,20161201,1921,2,0,0,0,0,0,4,27,201652,2014-03-12,1-49,interim health and safety advisor,Legal,management,GA,Midway,Company51539607713620
1,2017-10-12,US,Company1219770722442,20170725,Other,0,79,20170725,4817,0,0,0,0,0,0,5,31,201741,2017-07-25,1-49,vice president of construction,Other,construction,VA,Bedford,Company12197707224421
27,2017-07-04,US,Company1005022347282,20170331,Staffing Agency,43,28,20170606,324,2,0,0,0,0,0,6,35,201727,2017-03-31,250-499,web editor,Government/Military,media,WI,Sussex,Company100502234728227
26,2017-08-14,US,Company1460288883368,20150211,Staffing Agency,0,83,20170523,509,2,0,0,0,0,0,3,23,201733,2015-02-11,1000+,helpdesk,Accounting/Consulting,techhelp,TX,Fort Worth,Company146028888336826
25,2017-04-16,US,Company429496730873,20151118,none,0,20,20170327,1643,0,0,0,0,0,0,3,23,201715,2015-11-18,1-49,recreation assistant,Work at Home,service,MI,Livonia,Company42949673087325
54,2017-05-08,US,Company206158434059,20160407,Direct Employer,0,99,20170129,3006,0,0,0,0,0,0,4,27,201719,2016-04-07,1-49,director of nursing,Hospitality/Travel,mednurse,DE,Christiana,Company20615843405954
1,2017-04-27,US,Company1571958051187,20170420,Direct Employer,0,6,20170421,1492,16,0,1,1,0,0,20,91,201717,2017-04-20,1-49,penetration tester,Insurance,techsoftware,WV,Martinsburg,Company15719580511871
3,2017-08-03,US,Company223338299761,20170526,Staffing Agency,38,69,20170526,2767,5,0,0,0,0,0,6,35,201731,2017-05-26,50-149,machine operator,Transportation/Logistics,manufacturing,CO,Fort Lupton,Company2233382997613
5,2016-12-21,US,Company987842485393,20140608,none,0,8,20161213,2256,0,0,0,0,0,0,2,19,201651,2014-06-08,1-49,admissions director,Manufacturing,education,NY,New York,Company9878424853935
4,2016-12-23,US,Company1116691498406,20150903,none,34,6,20161217,381,10,0,0,0,0,0,12,59,201651,2015-09-03,1000+,commercial project manager,Real Estate,project,OH,West Chester,Company11166914984064
6,2017-10-31,US,Company1340029800880,20170319,Staffing Agency,0,19,20171012,1215,3,0,0,0,0,0,6,35,201744,2017-03-19,50-149,it security specialist,Technology/Information,techinfo,GA,Elberton,Company13400298008806
9,2017-06-17,US,Company1305670064146,20160128,none,0,46,20170502,234,0,0,0,0,0,0,1,15,201724,2016-01-28,1-49,litigation secretary,Accounting/Consulting,legal,GA,Conyers,Company13056700641469
16,2017-03-08,US,Company455266538797,20161208,Direct Employer,0,57,20170110,776,1,0,0,0,0,0,6,35,201710,2016-12-08,1-49,vice president of communications,Technology/Information,marketing,CA,San Francisco,Company45526653879716
1,2017-02-03,US,Company919123011968,20161107,none,0,88,20161107,474,0,0,0,0,0,0,9,47,20175,2016-11-07,1-49,laboratory technician,Education,medtech,LA,Alexandria,Company9191230119681
1208,2016-12-27,US,Company1546188226679,20150527,Staffing Agency,0,15,20161212,1344,1,0,0,0,0,0,5,31,201652,2015-05-27,1000+,senior marketing specialist,Staffing Firm (General),marketing,VA,Vienna,Company15461882266791208
33,2017-04-26,US,Company1468878818813,20160808,Direct Employer,0,47,20170310,1796,1,0,0,0,0,0,4,27,201717,2016-08-08,150-249,research interviewer,Non-Profit/Association,socialscience,ID,Boise,Company146887881881333
466,2017-09-11,US,Company601295421716,20140423,Direct Employer,34,14,20170828,2522,3,0,0,0,0,0,4,27,201737,2014-04-23,250-499,safety officer,Telecom,protective,IL,Lanark,Company601295421716466
1,2017-01-03,US,Company867583402189,20161125,none,23,39,20161125,47,2,0,0,0,0,0,3,23,20171,2016-11-25,1-49,senior programmer,Insurance,techsoftware,NE,Schuyler,Company8675834021891
594,2017-02-24,US,Company1700807049287,20150427,Staffing Agency,10,52,20170103,1603,3,0,0,0,0,0,5,31,20178,2015-04-27,250-499,senior software engineer,Telecom,techsoftware,TX,Austin,Company1700807049287594
5,2017-01-08,US,Company558345750150,20131230,Direct Employer,0,4,20170104,1263,1,0,0,0,0,0,2,19,20171,2013-12-30,1000+,recreation aide,Technology/Information,service,LA,Houma,Company5583457501505
745,2017-11-05,US,Company970662609285,20120720,Staffing Agency,42,29,20171007,860,2,0,0,0,0,0,9,47,201744,2012-07-20,50-149,manufacturing engineer,Staffing Firm (General),engid,PA,Mill Grove,Company970662609285745
1,2017-08-22,US,Company68719479604,20170517,Direct Employer,0,97,20170517,1554,2,0,0,0,0,0,3,23,201734,2017-05-17,1-49,cdm manager,Retail/Consumer Products,construction,OK,Okarche,Company687194796041
15,2016-12-19,US,Company292057779284,20151023,Direct Employer,0,41,20161108,996,3,0,0,0,0,0,6,35,201651,2015-10-23,1-49,activity aide,Transportation/Logistics,service,MI,Livonia,Company29205777928415
2,2017-06-24,US,Company1606317776653,20160615,Direct Employer,0,51,20170504,428,2,0,0,0,0,0,4,27,201725,2016-06-15,1-49,clinical nurse educator,Media/Newspaper,mednurse,NY,Brooklyn,Company16063177766532
7,2017-02-27,US,Company455266533402,20141111,Direct Employer,0,84,20161205,1867,1,0,0,0,0,0,5,31,20179,2014-11-11,50-149,product coordinator,Retail/Consumer Products,management,CA,Sunol,Company4552665334027
14,2017-11-07,US,Company944892825322,20161206,Direct Employer,0,6,20171101,3265,0,0,0,0,0,0,3,23,201745,2016-12-06,500-749,health center manager,Government/Military,management,MA,Boston,Company94489282532214
9,2017-02-02,US,Company1348619735347,20160208,none,0,41,20161223,368,1,0,0,0,0,0,2,19,20175,2016-02-08,50-149,junior therapist,Hospitality/Travel,therapy,VA,Herndon,Company13486197353479
1,2017-09-22,US,Company1649267445523,20170828,Direct Employer,0,25,20170828,190,2,0,0,0,0,0,4,27,201738,2017-08-28,50-149,dietary technician,Work at Home,medtech,MN,Brainerd,Company16492674455231
214,2017-12-13,US,Company970662609261,20150730,Direct Employer,0,97,20170907,953,0,0,0,0,0,0,5,31,201750,2015-07-30,250-499,mortgage consultant,Food/Beverage Services,sales,KS,Belle Plaine,Company970662609261214
33,2017-02-08,US,Company1365799601844,20140711,none,37,82,20161118,976,0,0,0,0,0,0,7,39,20176,2014-07-11,50-149,continuous improvement manager,Insurance,management,NJ,Township of Deptford,Company136579960184433
419,2017-04-06,US,Company489626271950,20150424,Direct Employer,0,27,20170310,3105,2,0,0,0,0,0,4,27,201714,2015-04-24,50-149,senior program manager,Health Care/Medical,project,CA,San Clemente,Company489626271950419
24,2017-04-18,US,Company335007449140,20170222,Staffing Agency,37,12,20170406,1385,6,0,0,0,0,0,9,47,201716,2017-02-22,250-499,retail sales associate,Education,retail,NY,East Northport,Company33500744914024
4,2017-07-02,US,Company231928244559,20150824,Direct Employer,0,18,20170614,2452,0,0,0,0,0,0,3,23,201726,2015-08-24,1-49,senior material handler,Beauty/Wellness,warehouse,MN,Rochester,Company2319282445594
940,2016-12-30,US,Company146028891550,20070312,Staffing Agency,35,18,20161212,1106,0,0,0,0,0,0,4,27,201652,2007-03-12,1-49,junior electrician,Health Care/Medical,install,NY,Rome,Company146028891550940
44,2017-04-25,US,Company223338300607,20150226,Direct Employer,0,17,20170408,494,9,0,0,0,0,0,16,75,201717,2015-02-26,500-749,emt-basic,Construction/Engineering,medtech,OH,Cambridge,Company22333830060744
1,2017-10-28,US,Company919123014628,20171014,none,0,14,20171014,866,3,0,0,0,0,0,7,39,201743,2017-10-14,1-49,drainage engineer,Automotive,construction,CA,Los Angeles,Company9191230146281
11,2016-12-09,US,Company1185410973845,20160427,Direct Employer,30,1,20161208,3397,2,0,0,0,0,0,25,111,201649,2016-04-27,50-149,global project manager,Transportation/Logistics,project,WA,Kent,Company118541097384511
18,2017-12-15,US,Company798863931298,20171025,Staffing Agency,0,18,20171127,241,5,0,0,0,0,0,6,35,201750,2017-10-25,50-149,validation engineer,Energy/Utilities,engmech,NH,Sanbornton,Company79886393129818
20,2016-12-05,US,Company1151051236001,20160829,Staffing Agency,0,74,20160922,1266,7,0,0,0,0,0,11,55,201649,2016-08-29,150-249,school aide,Government/Military,admin,FL,Miami,Company115105123600120
98,2017-03-17,US,Company1614907703451,20160808,Staffing Agency,35,59,20170117,1903,3,0,0,0,0,0,4,27,201711,2016-08-08,50-149,child and youth program assistant,Media/Newspaper,service,NY,Freeport,Company161490770345198
1,2016-12-30,US,Company1632087586549,20161128,none,0,32,20161128,1178,5,0,0,0,0,0,6,35,201652,2016-11-28,1-49,night supervisor,Non-Profit/Association,management,WY,Green River,Company16320875865491
50,2017-05-09,US,Company1683627182505,20150622,Direct Employer,35,25,20170414,1137,2,0,0,0,0,0,3,23,201719,2015-06-22,1-49,customer service/sales representative,Manufacturing,sales,FL,Saint Petersburg,Company168362718250550
3,2017-04-20,US,Company446676617528,20170327,none,0,9,20170411,540,7,0,0,0,0,0,8,43,201716,2017-03-27,1-49,senior tutor,Energy/Utilities,education,MO,Kirksville,Company4466766175283
6,2017-12-28,US,Company523986010139,20131211,Direct Employer,38,77,20171012,1020,4,0,0,0,0,0,5,31,201752,2013-12-11,150-249,forklift operator,Education,warehouse,OR,Drain,Company5239860101396
3,2017-05-25,US,Company257698051013,20160725,Direct Employer,0,92,20170222,323,1,0,0,0,0,0,5,31,201721,2016-07-25,1-49,commissioned officer,Other,management,KY,Lexington-Fayette,Company2576980510133
4,2017-10-16,US,Company283467859240,20160503,Direct Employer,0,17,20170929,608,0,0,0,0,0,0,8,43,201742,2016-05-03,1-49,software engineer,Government/Military,techsoftware,WI,Onalaska,Company2834678592404
2,2017-03-16,US,Company1546188233566,20150610,Direct Employer,0,14,20170302,255,4,0,0,0,0,0,7,39,201711,2015-06-10,500-749,operations technician,Financial Services/Banking,install,IN,Nevada Mills,Company15461882335662
77,2017-03-20,US,Company901943133845,20150205,Direct Employer,0,82,20161228,1019,1,0,0,0,0,0,4,27,201712,2015-02-05,50-149,technology coordinator,Construction/Engineering,techinfo,IL,Pierron,Company90194313384577
215,2017-06-22,US,Company1322849927598,20150409,Direct Employer,32,46,20170507,963,2,0,0,0,0,0,5,31,201725,2015-04-09,1000+,progressive care nurse,Health Care/Medical,mednurse,CA,San Gabriel,Company1322849927598215
474,2017-12-26,US,Company1486058684444,20160419,Direct Employer,30,5,20171221,2382,0,0,0,0,0,0,31,135,201752,2016-04-19,1000+,tax intern,Energy/Utilities,accounting,NJ,N Arlington,Company1486058684444474
1,2016-12-01,US,Company420906802710,20160906,none,0,86,20160906,835,7,0,0,0,0,0,8,43,201648,2016-09-06,750-999,entry level quality engineer,Other,engid,AK,Fox,Company4209068027101
282,2017-07-10,US,Company111669150069,20140925,Direct Employer,0,20,20170620,2713,0,0,0,0,0,0,6,35,201728,2014-09-25,250-499,managing partner,Technology/Information,sales,NY,Southhampton,Company111669150069282
14,2017-02-02,US,Company163208760815,20151105,Direct Employer,0,29,20170104,356,3,0,0,0,0,0,4,27,20175,2015-11-05,750-999,transport driver,Transportation/Logistics,driver,WI,Wausau,Company16320876081514
21,2017-03-17,US,Company1331439862914,20160513,Direct Employer,0,18,20170227,2287,2,0,0,0,0,0,3,23,201711,2016-05-13,1000+,pressman,Hospitality/Travel,manufacturing,SC,North Charleston,Company133143986291421
13,2017-08-10,US,Company566935683685,20140820,Staffing Agency,0,91,20170511,1855,5,0,0,0,0,0,7,39,201732,2014-08-20,1-49,lobby attendant,Staffing Firm (General),customer,IL,Oakwood,Company56693568368513
26,2016-12-13,US,Company128849021212,20120806,Direct Employer,0,22,20161121,970,2,0,0,1,0,0,4,27,201650,2012-08-06,150-249,senior sales agent,Automotive,sales,FL,Saint Augustine,Company12884902121226
6,2017-01-17,US,Company1640677509189,20161025,Direct Employer,0,53,20161125,1341,0,0,0,0,0,0,0,11,20173,2016-10-25,1-49,3rd line support engineer,Hospitality/Travel,customer,TX,Webster,Company16406775091896
6,2017-08-19,US,Company498216213075,20170524,none,0,56,20170624,478,1,0,0,0,0,0,3,23,201733,2017-05-24,150-249,senior .net developer,Energy/Utilities,techsoftware,KS,Quinby,Company4982162130756
1,2017-06-11,US,Company103079233425,20170411,Direct Employer,0,61,20170411,117,1,0,0,0,0,0,3,23,201723,2017-04-11,500-749,bartender,Food/Beverage Services,food,RI,Woonsocket,Company1030792334251
39,2017-08-10,US,Company584115555906,20160712,Staffing Agency,41,38,20170703,4879,1,0,0,0,0,0,2,19,201732,2016-07-12,750-999,substitute teacher,Health Care/Medical,education,PA,Leechburg,Company58411555590639
2,2017-07-02,US,Company1013612288547,20170406,none,0,87,20170406,61,2,0,0,0,0,0,3,23,201726,2017-04-06,1000+,title examiner,Insurance,legal,WI,Wausaukee,Company10136122885472
31,2017-07-12,US,Company1065151891999,20160523,Staffing Agency,0,71,20170502,521,2,0,0,0,0,0,6,35,201728,2016-05-23,250-499,outside sales representative,Staffing Firm (General),sales,OK,Tulsa,Company106515189199931
9,2017-09-06,US,Company1589137899921,20170516,none,39,12,20170825,1335,0,0,0,0,0,0,7,39,201736,2017-05-16,150-249,junior business consultant,Non-Profit/Association,management,TX,Prosper,Company15891378999219
46,2017-07-17,US,Company712964571216,20170316,none,0,18,20170629,811,3,0,0,0,0,0,6,35,201729,2017-03-16,1000+,nurse advisor,Telecom,mednurse,OH,Strongsville,Company71296457121646
88,2017-08-21,US,Company231928234416,20130724,Direct Employer,0,46,20170706,1220,3,0,0,0,0,0,5,31,201734,2013-07-24,150-249,medical biller,Health Care/Medical,medinfo,MD,Cheltenham,Company23192823441688
15,2017-05-28,US,Company979252545419,20150513,Direct Employer,0,80,20170309,733,1,0,0,0,0,0,6,35,201721,2015-05-13,750-999,graduate education manager,Hospitality/Travel,education,VA,Lynchburg,Company97925254541915
10,2017-03-03,US,Company944892809337,20170201,Direct Employer,0,18,20170213,3136,2,0,0,0,0,0,7,39,20179,2017-02-01,500-749,photographer,Transportation/Logistics,media,PA,Allentown,Company94489280933710
28,2017-08-24,US,Company1262720388193,20140218,Direct Employer,50,22,20170802,454,2,0,0,0,0,0,4,27,201734,2014-02-18,150-249,senior network technician,Health Care/Medical,techhelp,GA,College Park,Company126272038819328
39,2017-05-21,US,Company429496730090,20140922,Direct Employer,0,0,20170521,3931,2,0,0,0,0,0,9,47,201720,2014-09-22,50-149,concession stand worker,Telecom,food,IN,Indianapolis,Company42949673009039
19,2017-05-27,US,Company1649267444349,20150114,Direct Employer,0,9,20170518,1326,5,0,0,0,0,0,7,39,201721,2015-01-14,50-149,technical writer,Food/Beverage Services,techinfo,SC,Hilton Head,Company164926744434919
9,2018-01-10,US,Company1116691510326,20170110,none,0,14,20171227,876,5,0,0,0,0,0,17,79,20182,2017-01-10,1-49,senior fabricator,Accounting/Consulting,manufacturing,WI,Brodhead,Company11166915103269
293,2017-09-18,US,Company1202590843880,20150724,Direct Employer,38,12,20170906,879,3,0,0,0,0,0,7,39,201738,2015-07-24,150-249,regulatory project manager,Health Care/Medical,project,ME,Orono,Company1202590843880293
290,2017-05-24,US,Company1597727834284,20150203,Direct Employer,0,28,20170426,1870,6,0,0,0,0,0,8,43,201721,2015-02-03,150-249,hardware engineer,Non-Profit/Association,engmech,WV,Beaver,Company1597727834284290
4,2017-12-12,US,Company1236950599159,20171018,Direct Employer,0,34,20171108,562,4,0,0,0,0,0,7,39,201750,2017-10-18,50-149,assembler/packer,Construction/Engineering,manufacturing,PA,Ridgway,Company12369505991594
16,2017-06-02,US,Company1520418428086,20160808,Direct Employer,33,23,20170510,1906,2,0,0,0,0,0,6,35,201722,2016-08-08,1000+,modeling engineer,Food/Beverage Services,techsoftware,TX,Houston,Company152041842808616
1346,2017-02-25,US,Company541165879296,20100831,Direct Employer,31,4,20170221,1961,0,0,0,0,0,0,2,19,20178,2010-08-31,50-149,volunteer recruiter,Food/Beverage Services,hr,PA,Somerset,Company5411658792961346
4,2017-05-04,US,Company962072683063,20141222,none,0,78,20170215,211,2,0,0,0,0,0,4,27,201718,2014-12-22,50-149,recycling worker,Food/Beverage Services,manufacturing,PA,Honesdale,Company9620726830634
24,2017-04-23,US,Company1408749276025,20121116,Direct Employer,30,5,20170418,1638,2,0,0,0,0,0,3,23,201716,2012-11-16,50-149,communications assistant,Retail/Consumer Products,media,TN,Green Hills,Company140874927602524
6,2017-03-22,US,Company927712937906,20160804,none,50,18,20170304,1591,0,0,0,1,0,0,3,23,201712,2016-08-04,1-49,breeder,Transportation/Logistics,agriculture,CA,Sacramento,Company9277129379066
1,2017-01-17,US,Company463856468759,20161208,none,0,40,20161208,171,1,0,0,0,0,0,2,19,20173,2016-12-08,1-49,property management surveyor,Other,management,AL,Stapleton,Company4638564687591
68,2017-01-08,US,Company730144441238,20130819,Direct Employer,0,24,20161215,1004,0,0,0,0,0,0,2,19,20171,2013-08-19,1-49,teacher,Non-Profit/Association,education,CA,Sacramento,Company73014444123868
15,2016-12-30,US,Company1271310320230,20160205,Direct Employer,34,17,20161213,1423,5,0,0,0,0,0,8,43,201652,2016-02-05,500-749,advertising manager,Defense/Security,marketing,MN,Minneapolis-Saint Paul,Company127131032023015
2,2017-06-20,US,Company1494648634962,20170328,Staffing Agency,0,76,20170405,1202,1,0,0,0,0,0,2,19,201725,2017-03-28,250-499,attendance clerk,Staffing Firm (General),admin,AR,Helena,Company14946486349622
23,2017-12-31,US,Company670014900385,20160413,none,30,53,20171108,860,0,0,0,0,0,0,3,23,201752,2016-04-13,250-499,registered nurse,Non-Profit/Association,mednurse,CT,Manchester,Company67001490038523
98,2017-02-07,US,Company670014898345,20160224,Direct Employer,0,36,20170102,3441,2,0,0,0,0,0,9,47,20176,2016-02-24,500-749,search manager,Health Care/Medical,marketing,RI,Middletown,Company67001489834598
32,2017-09-16,US,Company137438956259,20140313,Staffing Agency,0,22,20170825,139,1,0,0,0,0,0,2,19,201737,2014-03-13,250-499,room attendant,Telecom,sanitation,PA,Frazer,Company13743895625932
26,2017-04-22,US,Company1571958030533,20130703,Direct Employer,0,1,20170421,3034,18,0,0,0,0,0,29,127,201716,2013-07-03,500-749,manufacturing manager,Real Estate,management,MI,Union,Company157195803053326
430,2017-02-27,US,Company1649267442020,20131206,Direct Employer,50,3,20170224,1437,1,0,0,0,0,0,13,63,20179,2013-12-06,1-49,entry level assembler,Financial Services/Banking,manufacturing,NY,Huntington Station,Company1649267442020430
2113,2017-01-27,US,Company1589137899771,20160608,Staffing Agency,0,80,20161108,305,4,0,0,0,0,0,5,31,20174,2016-06-08,1-49,director of nursing,Staffing Firm (General),mednurse,NJ,Englewood,Company15891378997712113
2,2017-11-30,US,Company678604858675,20170921,none,50,17,20171113,324,1,0,0,0,0,0,5,31,201748,2017-09-21,1-49,engineering project manager,Transportation/Logistics,project,NC,Raleigh,Company6786048586752
9,2017-08-06,US,Company1632087575022,20150326,none,0,61,20170606,2140,0,0,0,0,0,0,7,39,201731,2015-03-26,1-49,unit leader,Technology/Information,retail,MA,Shirley,Company16320875750229
76,2017-11-21,US,Company1365799600689,20141120,Staffing Agency,29,90,20170823,2049,2,0,0,0,0,0,5,31,201747,2014-11-20,1000+,canvasser,Staffing Firm (General),sales,KY,Grayson,Company136579960068976
8,2017-11-01,US,Company1597727842842,20170601,Direct Employer,0,14,20171018,2663,1,0,0,0,0,0,4,27,201744,2017-06-01,750-999,writer,Beauty/Wellness,media,PA,Mount Aetna,Company15977278428428
5,2017-02-14,US,Company807453852154,20160901,none,37,12,20170202,2594,8,0,0,0,0,0,11,55,20177,2016-09-01,1000+,operations officer,Job Board (General),management,ND,Portal,Company8074538521545
12,2017-07-03,US,Company214748365044,20161101,Direct Employer,34,14,20170619,4215,2,0,0,0,0,0,6,35,201727,2016-11-01,750-999,residential counselor,Construction/Engineering,service,OK,Ada,Company21474836504412
2,2017-02-01,US,Company592705488205,20170117,Staffing Agency,0,12,20170120,1045,5,0,0,0,0,0,6,35,20175,2017-01-17,150-249,informatica developer,Defense/Security,techsoftware,CA,San Diego,Company5927054882052
170,2017-12-04,US,Company635655159872,20141020,Staffing Agency,0,0,20171204,247,5,0,0,0,0,0,7,39,201749,2014-10-20,150-249,telecommunications technician,Technology/Information,install,KS,Overland Park,Company635655159872170
129,2017-10-28,US,Company283467841657,20150826,Direct Employer,31,47,20170911,3050,3,0,0,0,0,0,4,27,201743,2015-08-26,1-49,home care nurse,Health Care/Medical,mednurse,MN,Long Prairie,Company283467841657129
16,2017-07-23,US,Company1125281431595,20160414,Direct Employer,32,18,20170705,4630,0,0,0,0,0,0,3,23,201729,2016-04-14,750-999,accounts payable manager,Hospitality/Travel,accounting,TX,San Antonio,Company112528143159516
1,2017-08-02,US,Company1606317785607,20170710,none,0,23,20170710,1802,1,0,0,0,0,0,2,19,201731,2017-07-10,250-499,landscape architect,Manufacturing,arch,CT,Greenwich,Company16063177856071
37,2017-09-13,US,Company1073741824489,20170222,Staffing Agency,0,0,20170913,512,0,0,0,0,0,0,4,27,201737,2017-02-22,750-999,demand planner,Manufacturing,admin,MI,Auburn Hills,Company107374182448937
4,2016-12-01,US,Company1194000919094,20160618,Direct Employer,0,71,20160921,1286,0,0,0,0,0,0,3,23,201648,2016-06-18,1-49,janitor,Arts/Entertainment/Recreation,sanitation,NV,Reno,Company11940009190944
28,2017-10-26,US,Company1271310323608,20161025,Direct Employer,0,0,20171026,2917,0,0,0,0,0,0,3,23,201743,2016-10-25,1000+,area manager,Energy/Utilities,management,WA,Redmond,Company127131032360828
710,2017-05-09,US,Company558345748536,20120712,Staffing Agency,0,55,20170315,1172,4,0,0,0,0,0,6,35,201719,2012-07-12,500-749,business to business sales,Beauty/Wellness,sales,NY,Wading River,Company558345748536710
17,2017-07-12,US,Company446676599653,20150907,Direct Employer,0,16,20170626,576,0,0,0,0,0,0,6,35,201728,2015-09-07,1000+,junior programmer analyst,Manufacturing,techsoftware,PA,Rehrersburg,Company44667659965317
1,2017-07-10,US,Company1013612281887,20170605,Direct Employer,36,34,20170606,628,0,0,0,0,0,0,2,19,201728,2017-06-05,50-149,senior distribution manager,Food/Beverage Services,management,CA,Coronado,Company10136122818871
3,2017-09-16,US,Company601295433404,20170729,Direct Employer,0,45,20170802,2090,0,0,0,0,0,0,6,35,201737,2017-07-29,1-49,head lifeguard,Manufacturing,protective,TX,Hewitt,Company6012954334043
799,2017-01-27,US,Company446676598919,20120321,Staffing Agency,0,60,20161128,616,5,0,0,0,0,0,7,39,20174,2012-03-21,50-149,construction superintendent,Staffing Firm (General),management,NA,NA,Company446676598919799
4,2017-08-22,US,Company1056561954998,20170720,Staffing Agency,37,28,20170725,517,1,0,0,0,0,0,4,27,201734,2017-07-20,50-149,anti money laundering analyst,Energy/Utilities,finance,IL,Arlington Heights,Company10565619549984
3,2017-06-19,US,Company231928246381,20150417,Direct Employer,0,55,20170425,420,3,0,0,0,0,0,6,35,201725,2015-04-17,250-499,senior technical consultant,Agriculture,techinfo,MN,Ortonville,Company2319282463813
11,2017-10-30,US,Company1571958031994,20161012,Direct Employer,32,75,20170816,568,0,0,0,0,0,0,5,31,201744,2016-10-12,750-999,production technician,Health Care/Medical,manufacturing,WV,Wheeling,Company157195803199411
156,2017-08-01,US,Company1520418424016,20170103,Staffing Agency,0,8,20170724,2847,1,0,0,0,0,0,3,23,201731,2017-01-03,250-499,travel nurse,Education,mednurse,TX,Tomball,Company1520418424016156
13,2017-05-13,US,Company747324317752,20141201,Direct Employer,0,1,20170512,259,1,0,0,0,0,0,9,47,201719,2014-12-01,50-149,tax senior,Other,accounting,CO,Colorado Springs,Company74732431775213
4,2017-10-23,US,Company1262720405863,20170821,Direct Employer,0,0,20171023,4323,49,0,0,0,0,0,69,287,201743,2017-08-21,50-149,motor transport operator,Defense/Security,driver,NY,Town of Ulster,Company12627204058634
152,2017-04-08,US,Company678604833625,20150831,none,0,19,20170320,1451,3,0,0,0,0,0,5,31,201714,2015-08-31,1-49,entry level trainee manager,Transportation/Logistics,management,ME,Phippsburg,Company678604833625152
89,2017-10-10,US,Company77309411694,20160831,Staffing Agency,0,5,20171005,461,2,0,0,1,0,0,3,23,201741,2016-08-31,1-49,account project manager,Staffing Firm (General),project,PA,Export,Company7730941169489
1,2016-12-27,US,Company1632087572621,20161215,Staffing Agency,44,12,20161215,1302,5,0,0,0,0,0,10,51,201652,2016-12-15,150-249,inspector,Arts/Entertainment/Recreation,install,IN,Crawfordsville,Company16320875726211
31,2017-12-24,US,Company515396077010,20150818,none,0,12,20171212,909,0,0,0,0,0,0,3,23,201751,2015-08-18,1-49,case manager,Work at Home,service,ID,Boise,Company51539607701031
148,2018-01-07,US,Company1348619731058,20161115,Staffing Agency,38,72,20171027,1232,1,0,0,0,0,0,3,23,20181,2016-11-15,750-999,machine operator,Staffing Firm (General),manufacturing,NC,Pisgah Forest,Company1348619731058148
6,2017-10-05,US,Company833223658711,20120314,Direct Employer,0,13,20170922,1506,4,0,0,0,0,0,5,31,201740,2012-03-14,1000+,benefits administrator,Accounting/Consulting,hr,NY,North Tonawanda,Company8332236587116
15,2017-09-12,US,Company609885360955,20160213,none,0,10,20170902,4808,11,0,0,0,0,0,14,67,201737,2016-02-13,1-49,director of customer service,Beauty/Wellness,customer,TX,Dallas-Fort Worth,Company60988536095515
22,2017-04-11,US,Company1632087576940,20160615,none,0,32,20170310,319,0,0,0,0,0,0,5,31,201715,2016-06-15,1-49,resident assistant,Automotive,care,CA,Solana Beach,Company163208757694022
1265,2017-08-06,US,Company386547056796,20160301,Staffing Agency,36,31,20170706,5041,2,0,0,0,0,0,8,43,201731,2016-03-01,1-49,diesel mechanic,Energy/Utilities,install,IA,Shellsburg,Company3865470567961265
1,2017-04-29,US,Company1236950598003,20170424,none,0,5,20170424,1149,0,0,0,0,0,0,4,27,201717,2017-04-24,1-49,barber,Media/Newspaper,personal,GA,Stone Mountain,Company12369505980031
82,2017-08-29,US,Company1400159338731,20151123,Direct Employer,38,11,20170818,2059,1,0,0,0,0,0,7,39,201735,2015-11-23,50-149,java developer iii,Non-Profit/Association,techsoftware,PA,Glenshaw,Company140015933873182
11,2017-07-16,US,Company163208759058,20170517,Direct Employer,44,40,20170606,1886,1,0,0,0,0,0,9,47,201728,2017-05-17,150-249,commissioning engineer,Automotive,engmech,CA,National City,Company16320875905811
841,2017-03-25,US,Company601295421445,20160412,Staffing Agency,40,37,20170216,1439,0,0,0,0,0,0,7,39,201712,2016-04-12,1-49,field nurse,Staffing Firm (General),mednurse,OH,Maumee,Company601295421445841
6,2016-12-06,US,Company1529008362603,20150327,Direct Employer,0,38,20161029,435,1,0,0,0,0,0,9,47,201649,2015-03-27,1-49,banker,Other,finance,NY,Patchogue,Company15290083626036
183,2016-12-21,US,Company1168231105573,20120803,Direct Employer,0,35,20161116,1840,3,0,0,0,0,0,7,39,201651,2012-08-03,1-49,operations lead,Arts/Entertainment/Recreation,management,MA,Dracut,Company1168231105573183
154,2017-02-26,US,Company747324310098,20150716,Direct Employer,0,11,20170215,834,1,0,0,0,0,0,6,35,20178,2015-07-16,1-49,manufacturing specialist,Health Care/Medical,management,TX,Dripping Springs,Company747324310098154
3,2017-10-28,US,Company515396089514,20171004,none,0,24,20171004,2343,2,0,0,0,0,0,4,27,201743,2017-10-04,1000+,account clerk,Transportation/Logistics,accounting,FL,Bay Pines,Company5153960895143
2,2016-12-30,US,Company1314259996313,20161014,none,0,58,20161102,310,4,0,0,0,0,0,5,31,201652,2016-10-14,1-49,product consultant,Work at Home,retail,MN,Fairmont,Company13142599963132
6,2017-05-20,US,Company1176821040698,20160711,none,30,50,20170331,697,0,0,0,0,0,0,6,35,201720,2016-07-11,1-49,senior social media specialist,Media/Newspaper,marketing,NJ,Woodcliff Lake,Company11768210406986
12,2017-01-28,US,Company1374389534888,20161031,Direct Employer,37,18,20170110,3215,2,0,0,0,0,0,9,47,20174,2016-10-31,1000+,promotions intern,Beauty/Wellness,marketing,OK,Moore,Company137438953488812
10,2017-02-12,US,Company231928238431,20150421,none,0,32,20170111,392,4,0,0,0,0,0,6,35,20176,2015-04-21,1-49,dock supervisor,Job Board (General),warehouse,OH,Urbancrest,Company23192823843110
6,2017-08-24,US,Company266287972516,20170504,Staffing Agency,0,76,20170609,932,1,0,0,0,0,0,2,19,201734,2017-05-04,1-49,furniture installer,Manufacturing,install,OH,Columbus,Company2662879725166
28,2017-04-07,US,Company1571958031754,20160212,Direct Employer,0,1,20170406,1469,24,0,0,0,0,0,67,279,201714,2016-02-12,1-49,rehabilitation assistant,Health Care/Medical,therapy,KS,Belle Plaine,Company157195803175428
3,2017-11-29,US,Company1589137904020,20170928,none,0,9,20171120,2417,1,0,0,0,0,0,3,23,201748,2017-09-28,1-49,projectionist,Beauty/Wellness,admin,PA,McKeesport,Company15891379040203
46,2016-12-26,US,Company1030792151194,20160627,Staffing Agency,31,14,20161212,904,1,0,0,0,0,0,2,19,201652,2016-06-27,1-49,restaurant manager,Automotive,food,OH,Columbus,Company103079215119446
45,2017-02-19,US,Company1692217114902,20160113,Direct Employer,0,80,20161201,3500,2,0,0,0,0,0,6,35,20177,2016-01-13,750-999,senior leasing specialist,Manufacturing,realestate,PA,Glen Rock,Company169221711490245
72,2017-04-24,US,Company137438953986,20160908,Staffing Agency,0,11,20170413,522,5,0,0,0,0,0,9,47,201717,2016-09-08,1-49,mechanical designer,Staffing Firm (General),engmech,MA,Littleton,Company13743895398672
77,2017-01-31,US,Company901943133845,20150205,Direct Employer,0,34,20161228,1019,2,0,0,0,0,0,6,35,20175,2015-02-05,50-149,technology coordinator,Construction/Engineering,techinfo,IL,Pierron,Company90194313384577
2,2018-01-02,US,Company68719502699,20171215,Direct Employer,40,1,20180101,116,3,0,0,0,0,0,4,27,20181,2017-12-15,150-249,senior design engineer,Transportation/Logistics,techinfo,PA,Cochranville,Company687195026992
18,2017-08-24,US,Company128849020264,20151117,none,0,52,20170703,57,1,0,0,0,0,0,4,27,201734,2015-11-17,1-49,senior websphere administrator,Advertising/Marketing,techsoftware,NJ,Township of Manalapan,Company12884902026418
11,2018-01-28,US,Company893353206570,20170809,Direct Employer,33,58,20171201,2279,2,0,0,0,0,0,5,31,20184,2017-08-09,50-149,project specialist ii,Insurance,management,TX,Pleasanton,Company89335320657011
2753,2017-06-26,US,Company489626271749,20120413,Staffing Agency,48,6,20170620,1841,3,0,0,0,0,0,9,47,201726,2012-04-13,750-999,registration clerk,Manufacturing,medinfo,MD,Centreville,Company4896262717492753
3,2017-04-13,US,Company1151051249901,20140825,none,0,3,20170410,1818,2,0,0,0,0,0,3,23,201715,2014-08-25,1-49,fellow,Insurance,uncategorized,HI,Kaimuki,Company11510512499013
2,2017-06-01,US,Company936302888851,20170327,none,0,16,20170516,2468,2,0,0,0,0,0,3,23,201722,2017-03-27,750-999,model,Media/Newspaper,arts,MI,Chesterfield,Company9363028888512
577,2017-03-23,US,Company781684047880,20150521,Staffing Agency,0,21,20170302,2949,2,0,0,0,0,0,5,31,201712,2015-05-21,250-499,cajero,Staffing Firm (General),food,OH,Cincinnati,Company781684047880577
13,2017-05-07,US,Company712964572704,20150320,Direct Employer,0,10,20170427,2131,4,0,0,0,0,0,6,35,201718,2015-03-20,1-49,senior network technician,Other,techhelp,NY,Owego,Company71296457270413
2,2016-12-23,US,Company403726929284,20160923,none,0,91,20160923,143,10,0,0,0,0,0,13,63,201651,2016-09-23,500-749,sales representative,Education,sales,VA,Hampton Roads,Company4037269292842
22,2017-08-28,US,Company996432416970,20160615,Direct Employer,0,13,20170815,818,2,0,0,1,0,0,5,31,201735,2016-06-15,1000+,order filler,Health Care/Medical,warehouse,ME,Columbia,Company99643241697022
8,2017-09-04,US,Company1417339212146,20160922,Direct Employer,0,37,20170729,2265,2,0,0,0,0,0,3,23,201736,2016-09-22,1-49,analytics manager,Real Estate,techinfo,OH,Apple Creek,Company14173392121468
5,2017-05-22,US,Company816043792036,20130828,Direct Employer,0,49,20170403,2044,3,0,0,0,0,0,4,27,201721,2013-08-28,750-999,registered nurse - quality and patient safety,Construction/Engineering,mednurse,FL,West Palm Beach,Company8160437920365
191,2017-12-17,US,Company1108101563299,20140620,Direct Employer,31,19,20171128,1915,4,0,0,0,0,0,6,35,201750,2014-06-20,250-499,patrol officer,Real Estate,protective,MI,Ypsilanti,Company1108101563299191
238,2017-06-23,US,Company730144440338,20120514,Staffing Agency,0,71,20170413,2066,2,0,0,0,0,0,3,23,201725,2012-05-14,50-149,commercial lines account manager,Staffing Firm (General),sales,MD,Greenbelt,Company730144440338238
44,2017-09-11,US,Company1632087572485,20151008,none,40,9,20170902,3761,1,0,0,0,0,0,2,19,201737,2015-10-08,1000+,senior design engineer,Financial Services/Banking,techinfo,MD,Reisterstown,Company163208757248544
10,2017-12-06,US,Company1417339213724,20160804,none,0,27,20171109,589,2,0,0,0,0,0,5,31,201749,2016-08-04,50-149,dog bather,Beauty/Wellness,veterinary,MO,Springfield,Company141733921372410
2448,2017-10-27,US,Company1108101562397,20150403,Direct Employer,0,43,20170914,1667,0,0,0,0,0,0,3,23,201743,2015-04-03,150-249,nursing assistant,Health Care/Medical,mednurse,MI,Plymouth,Company11081015623972448
26,2017-12-25,US,Company103079218679,20150831,Direct Employer,0,13,20171212,4051,2,0,0,0,0,0,4,27,201752,2015-08-31,500-749,fitness trainer,Non-Profit/Association,sports,PA,Pittsburgh,Company10307921867926
13,2018-01-01,US,Company94489282998,20170331,Direct Employer,0,94,20170929,3549,0,0,0,0,0,0,3,23,20181,2017-03-31,150-249,middleware administrator,Construction/Engineering,techsoftware,PA,Newtown,Company9448928299813
9,2017-04-26,US,Company85899352496,20160125,none,0,0,20170426,1998,5,0,1,1,0,0,9,47,201717,2016-01-25,1-49,spa attendant,Insurance,hospitality,NJ,Haddonfield,Company858993524969
2,2017-07-27,US,Company1331439862496,20131021,Staffing Agency,0,98,20170420,671,1,0,0,0,0,0,3,23,201730,2013-10-21,150-249,finishing manager,Staffing Firm (General),management,CA,Ontario,Company13314398624962
15,2017-04-08,US,Company395136995295,20161103,Staffing Agency,35,24,20170315,777,6,0,0,0,0,0,8,43,201714,2016-11-03,1-49,quality assurance technician,Job Board (General),install,FL,Daytona Beach,Company39513699529515
285,2017-11-25,US,Company738734375197,20160518,Direct Employer,36,25,20171031,1648,2,0,0,0,0,0,5,31,201747,2016-05-18,250-499,maintenance technician,Insurance,install,CO,Monument,Company738734375197285
6,2017-07-15,US,Company790273986805,20160823,Direct Employer,0,86,20170420,3319,2,0,0,0,0,0,9,47,201728,2016-08-23,1000+,senior contract administrator,Automotive,management,VA,Staunton,Company7902739868056
50,2017-01-15,US,Company515396075646,20160712,Staffing Agency,0,38,20161208,1160,0,0,0,0,0,0,3,23,20172,2016-07-12,500-749,college assistant,Telecom,admin,NY,Putnam Valley,Company51539607564650
5,2017-12-23,US,Company515396095382,20171116,Direct Employer,0,35,20171118,3545,1,0,0,0,0,0,3,23,201751,2017-11-16,1-49,swim instructor,Hospitality/Travel,sports,OH,Wauseon,Company5153960953825
6,2017-04-11,US,Company979252549957,20160324,Staffing Agency,0,63,20170207,1048,4,0,0,0,0,0,5,31,201715,2016-03-24,1-49,strategy manager,Government/Military,management,GA,Warrenton,Company9792525499576
1,2017-11-18,US,Company1279900279327,20171020,none,0,28,20171021,1544,0,0,0,0,0,0,4,27,201746,2017-10-20,1-49,calibration technician,Advertising/Marketing,install,OH,Malinta,Company12799002793271
7,2017-04-17,US,Company1520418422870,20161130,Staffing Agency,0,67,20170209,950,0,0,0,0,0,0,3,23,201716,2016-11-30,1-49,telecommunications specialist,Arts/Entertainment/Recreation,install,MN,Zumbro Falls,Company15204184228707
3,2017-09-07,US,Company146028894117,20160928,Other,0,96,20170603,1365,4,0,0,0,0,0,7,39,201736,2016-09-28,1-49,wheeled vehicle mechanic,Other,install,TX,Richardson,Company1460288941173
8,2016-12-31,US,Company1090921695421,20140807,Direct Employer,0,40,20161121,2107,4,0,0,0,0,0,5,31,201652,2014-08-07,750-999,detailer,Energy/Utilities,install,WA,Royal City,Company10909216954218
1,2017-01-06,US,Company377957122350,20161005,none,36,93,20161005,263,5,0,0,0,0,0,9,47,20171,2016-10-05,1-49,senior instructional designer,Other,techinfo,TX,La Feria,Company3779571223501
46,2017-07-14,US,Company515396076509,20161018,none,0,72,20170503,297,0,0,0,0,0,0,3,23,201728,2016-10-18,1-49,business teacher,Automotive,education,NY,New York,Company51539607650946
19,2017-02-09,US,Company1692217114626,20151204,Direct Employer,34,62,20161209,3289,2,0,0,0,0,0,7,39,20176,2015-12-04,1000+,contract manager,Retail/Consumer Products,management,MN,Wanamingo,Company169221711462619
45,2017-08-23,US,Company609885357063,20160322,Direct Employer,40,77,20170607,1345,0,0,0,0,0,0,5,31,201734,2016-03-22,150-249,deputy chief executive officer,Technology/Information,management,OH,Antwerp,Company60988535706345
15,2017-08-30,US,Company68719476787,20170802,none,0,0,20170830,1098,5,0,0,0,0,0,7,39,201735,2017-08-02,250-499,javascript developer,Defense/Security,techsoftware,OR,Carlton,Company6871947678715
10,2016-12-03,US,Company1151051240467,20150515,none,0,43,20161021,3962,2,0,0,0,0,0,6,35,201648,2015-05-15,150-249,program specialist,Job Board (General),service,PA,Richboro,Company115105124046710
5,2017-05-01,US,Company721554511778,20160126,Staffing Agency,0,2,20170429,3630,1,0,0,0,0,0,4,27,201718,2016-01-26,50-149,expediter,Accounting/Consulting,transport,MD,Germantown,Company7215545117785
2,2017-10-08,US,Company1047972030747,20170126,Direct Employer,0,87,20170713,2627,3,0,0,0,0,0,5,31,201740,2017-01-26,150-249,junior database developer,Financial Services/Banking,techsoftware,FL,Tampa,Company10479720307472
1,2017-03-01,US,Company1503238571805,20170223,Direct Employer,0,6,20170223,574,0,0,0,0,0,0,0,11,20179,2017-02-23,250-499,limousine driver,Real Estate,driver,PA,Pottsville,Company15032385718051
6,2017-12-01,US,Company17179883989,20170922,Direct Employer,0,35,20171027,2429,2,0,0,0,0,0,8,43,201748,2017-09-22,250-499,director of finance,Agriculture,management,RI,East Providence,Company171798839896
2,2017-10-11,US,Company188978569543,20170315,Direct Employer,0,29,20170912,4761,2,0,0,0,0,0,7,39,201741,2017-03-15,1000+,billing clerk,Transportation/Logistics,accounting,AZ,Show Low,Company1889785695432
101,2017-01-05,US,Company1133871366449,20160427,Direct Employer,20,25,20161211,2544,2,0,0,0,0,0,5,31,20171,2016-04-27,1-49,retail solutions consultant,Health Care/Medical,retail,CA,Santa Ana,Company1133871366449101
203,2017-12-28,US,Company816043786608,20150430,Direct Employer,0,6,20171222,1655,0,0,0,0,1,0,3,23,201752,2015-04-30,150-249,peer counselor,Health Care/Medical,service,CA,Ventura,Company816043786608203
6,2016-12-06,US,Company1039382092293,20160108,Direct Employer,40,48,20161019,707,3,0,0,0,0,0,8,43,201649,2016-01-08,1-49,nightclub manager,Work at Home,food,MD,Bethesda,Company10393820922936
61,2018-01-17,US,Company901943134331,20151007,Direct Employer,0,14,20180103,2828,5,0,0,0,0,0,9,47,20183,2015-10-07,50-149,enumerator,Health Care/Medical,education,NJ,Margate City,Company90194313433161
160,2017-11-08,US,Company1168231108553,20170925,Direct Employer,0,9,20171030,2895,1,0,0,0,0,0,2,19,201745,2017-09-25,1-49,sales representative,Accounting/Consulting,sales,AK,Ketchikan,Company1168231108553160
1,2017-04-13,US,Company171798691896,20170129,none,37,74,20170129,368,6,0,0,0,0,0,8,43,201715,2017-01-29,1-49,senior analytical chemist,Accounting/Consulting,science,CA,Lafayette,Company1717986918961
372,2017-04-10,US,Company858993459365,20160427,Direct Employer,0,73,20170127,440,0,0,0,0,0,0,5,31,201715,2016-04-27,1-49,concierge,Health Care/Medical,hospitality,PA,Greenville,Company858993459365372
200,2017-07-14,US,Company609885356449,20160127,Staffing Agency,39,4,20170710,1507,4,0,0,0,0,0,6,35,201728,2016-01-27,1000+,chief compliance officer,Defense/Security,management,CA,Pleasanton,Company609885356449200
9,2017-09-11,US,Company1005022354776,20150122,Direct Employer,0,10,20170901,36,3,0,0,0,0,0,4,27,201737,2015-01-22,1000+,crew leader ii,Automotive,uncategorized,TN,Smithville,Company10050223547769
1,2017-05-25,US,Company678604853431,20170525,none,0,0,20170525,1246,2,0,0,0,0,0,4,27,201721,2017-05-25,1-49,senior purchasing manager,Staffing Firm (General),management,MA,Worcester,Company6786048534311
1132,2017-08-30,US,Company816043786681,20150119,Staffing Agency,30,5,20170825,1195,4,0,0,0,0,0,8,43,201735,2015-01-19,1-49,news editor,Staffing Firm (General),media,KS,Elkhart,Company8160437866811132
7,2017-09-17,US,Company962072677910,20140102,Direct Employer,40,2,20170915,967,0,0,0,0,0,0,1,15,201737,2014-01-02,500-749,test engineer,Insurance,engid,NY,Attica,Company9620726779107
1,2018-01-13,US,Company1262720385148,20171114,Staffing Agency,39,36,20171208,786,0,0,0,0,0,0,4,27,20182,2017-11-14,1000+,junior quality assurance tester,Non-Profit/Association,techinfo,IL,Stanford,Company12627203851481
179,2017-01-05,US,Company876173329797,20130903,Direct Employer,40,43,20161123,2521,2,0,0,0,0,0,6,35,20171,2013-09-03,250-499,test analyst,Health Care/Medical,techinfo,MT,Wolf Point,Company876173329797179
209,2017-06-04,US,Company601295421826,20160820,Staffing Agency,0,6,20170529,2350,0,0,0,0,0,0,3,23,201722,2016-08-20,1-49,junior account manager,Staffing Firm (General),sales,MO,Garden City,Company601295421826209
25,2017-03-31,US,Company25769804590,20160617,Direct Employer,0,18,20170313,4601,1,0,0,0,0,0,3,23,201713,2016-06-17,50-149,lead practitioner,Work at Home,education,CO,Mountain Village,Company2576980459025
2,2018-01-04,US,Company1443109031472,20160517,none,0,13,20171222,930,0,0,0,0,0,0,1,15,20181,2016-05-17,1-49,community nurse,Energy/Utilities,service,NJ,Freehold,Company14431090314722
40,2017-11-25,US,Company1529008357410,20170222,Staffing Agency,0,89,20170828,1753,3,0,0,0,0,0,4,27,201747,2017-02-22,50-149,director of parks and recreation,Accounting/Consulting,management,CA,North Bay,Company152900835741040
64,2017-07-07,US,Company1382979469495,20150507,Staffing Agency,45,2,20170705,1302,4,0,0,1,0,0,5,31,201727,2015-05-07,500-749,estimating manager,Staffing Firm (General),management,OH,Columbus,Company138297946949564
22,2017-05-25,US,Company953482739731,20170104,none,40,44,20170411,2741,0,0,0,0,0,0,3,23,201721,2017-01-04,1000+,retail sales associate,Job Board (General),retail,PA,Donora,Company95348273973122
51,2017-02-20,US,Company1675037245896,20161102,Staffing Agency,0,6,20170214,505,4,0,0,1,0,0,15,71,20178,2016-11-02,750-999,physician,Education,meddr,FL,Orlando,Company167503724589651
5,2017-12-22,US,Company1065151901804,20170713,none,0,28,20171124,702,7,0,0,0,0,0,9,47,201751,2017-07-13,1-49,independent agent,Hospitality/Travel,sales,VA,Roanoke,Company10651519018045
258,2017-12-11,US,Company1202590844049,20120424,Direct Employer,28,22,20171119,623,6,0,0,0,0,0,7,39,201750,2012-04-24,250-499,ceo/president,Education,management,NY,Friendship,Company1202590844049258
31,2017-03-08,US,Company1185410975298,20140625,Direct Employer,0,12,20170224,1556,0,0,0,0,0,0,2,19,201710,2014-06-25,1000+,journeyman lineman,Food/Beverage Services,construction,PA,Strausstown,Company118541097529831
8,2017-08-15,US,Company738734380428,20160409,Direct Employer,0,8,20170807,1988,4,0,0,0,0,0,6,35,201733,2016-04-09,50-149,senior it analyst,Staffing Firm (General),techinfo,NE,Sidney,Company7387343804288
152,2017-01-17,US,Company1022202216485,20150925,Direct Employer,34,14,20170103,1393,0,0,0,0,0,0,9,47,20173,2015-09-25,1-49,truck driver,Transportation/Logistics,driver,OH,Columbus,Company1022202216485152
27,2017-12-14,US,Company901943137459,20170220,Direct Employer,0,34,20171110,1545,0,0,0,0,0,0,1,15,201750,2017-02-20,250-499,mep manager,Accounting/Consulting,management,PA,Clearfield,Company90194313745927
3,2017-01-12,US,Company858993467460,20160824,none,0,93,20161011,593,1,0,0,0,0,0,4,27,20172,2016-08-24,50-149,junior java developer,Education,techsoftware,DC,Washington,Company8589934674603
67,2018-01-10,US,Company1365799600487,20120806,Direct Employer,0,3,20180107,2964,5,0,0,0,0,0,7,39,20182,2012-08-06,150-249,lead product manager,Education,techsoftware,OH,Loveland,Company136579960048767
77,2017-11-15,US,Company1640677509297,20170608,Direct Employer,0,30,20171016,834,3,0,0,0,0,0,5,31,201746,2017-06-08,50-149,hardware associate,Health Care/Medical,install,CO,Englewood,Company164067750929777
2,2017-11-29,US,Company395137014216,20170822,none,0,99,20170822,413,2,0,0,0,0,0,22,99,201748,2017-08-22,50-149,sales assistant,Manufacturing,sales,OH,Elyria,Company3951370142162
134,2017-02-10,US,Company472446402804,20160628,Staffing Agency,0,11,20170130,2175,0,0,0,0,0,0,6,35,20176,2016-06-28,150-249,senior commercial manager,Technology/Information,management,FL,River Ranch,Company472446402804134
262,2017-09-25,US,Company816043787738,20161008,Direct Employer,22,3,20170922,3334,0,0,0,1,0,0,16,75,201739,2016-10-08,50-149,senior court clerk,Construction/Engineering,legal,WI,Oconto Falls,Company816043787738262
1,2016-12-04,US,Company609885361129,20161008,Other,0,57,20161008,2158,0,0,0,0,0,0,2,19,201648,2016-10-08,750-999,bakery clerk,Other,food,TX,Leander,Company6098853611291
138,2017-07-15,US,Company816043786821,20150608,Direct Employer,40,4,20170711,2246,4,0,0,0,0,0,5,31,201728,2015-06-08,50-149,assistant designer,Food/Beverage Services,arts,MA,Gloucester,Company816043786821138
8,2017-07-30,US,Company592705490351,20151013,none,0,10,20170720,1390,0,0,0,0,0,0,7,39,201730,2015-10-13,150-249,junior account coordinator,Agriculture,sales,CA,Woodside,Company5927054903518
27,2017-11-15,US,Company68719478865,20140328,Direct Employer,0,7,20171108,1340,3,0,0,0,0,0,5,31,201746,2014-03-28,50-149,retail sales associate,Financial Services/Banking,retail,KS,Wichita,Company6871947886527
3,2017-04-12,US,Company1082331777004,20160323,none,0,36,20170307,1628,1,0,0,0,0,0,2,19,201715,2016-03-23,1-49,medical publications manager,Financial Services/Banking,management,WI,Milwaukee,Company10823317770043
2,2017-03-18,US,Company1520418422977,20161121,none,39,73,20170104,294,2,0,0,0,0,0,5,31,201711,2016-11-21,250-499,learning and development administrator,Non-Profit/Association,admin,NJ,Manasquan,Company15204184229772
5,2017-09-22,US,Company1348619745505,20170825,Direct Employer,0,4,20170918,1215,3,0,0,0,0,0,9,47,201738,2017-08-25,1-49,assistant in nursing,Health Care/Medical,mednurse,MI,Orion,Company13486197455055
468,2017-11-02,US,Company1082331758809,20150625,Staffing Agency,0,12,20171021,1570,0,0,0,1,0,0,3,23,201744,2015-06-25,1-49,solderer,Health Care/Medical,manufacturing,CA,Los Angeles,Company1082331758809468
463,2018-01-31,US,Company987842478329,20170110,Staffing Agency,48,9,20180122,419,0,0,0,0,0,0,1,15,20185,2017-01-10,1-49,intern/volunteer,Staffing Firm (General),service,TX,Irving,Company987842478329463
5,2017-08-02,US,Company1159641170700,20170620,none,0,22,20170711,1238,3,0,0,0,0,0,4,27,201731,2017-06-20,250-499,quality assurance tester,Financial Services/Banking,techinfo,CA,El Segundo,Company11596411707005
130,2017-09-03,US,Company824633722477,20160715,none,0,18,20170816,311,0,0,0,0,0,0,0,11,201735,2016-07-15,1-49,lot attendant,Agriculture,install,TX,Clute,Company824633722477130
2,2017-03-29,US,Company678604833586,20170213,Staffing Agency,0,20,20170309,443,1,0,0,0,0,0,2,19,201713,2017-02-13,150-249,quality control inspector,Advertising/Marketing,install,OH,Campbell,Company6786048335862
1,2017-01-08,US,Company1159641179744,20161201,Direct Employer,0,38,20161201,992,1,0,0,0,0,0,3,23,20171,2016-12-01,1-49,sales representative,Transportation/Logistics,sales,GA,Atlanta,Company11596411797441
227,2017-03-24,US,Company274877907198,20160531,Direct Employer,0,1,20170323,3821,1,0,0,0,0,0,4,27,201712,2016-05-31,1000+,audiologist,Retail/Consumer Products,meddr,VA,Powhatan,Company274877907198227
30,2017-01-16,US,Company979252544112,20160906,none,0,6,20170110,1129,1,0,0,0,0,0,2,19,20173,2016-09-06,150-249,hvac supervisor,Construction/Engineering,install,AR,Magnolia,Company97925254411230
1,2017-01-20,US,Company223338313361,20170118,Direct Employer,0,2,20170118,1165,5,0,0,0,0,0,6,35,20173,2017-01-18,250-499,right of way agent,Education,legal,NJ,Cherry Hill,Company2233383133611
320,2017-08-10,US,Company1322849927902,20130401,Direct Employer,38,12,20170729,2558,0,0,0,0,0,0,6,35,201732,2013-04-01,50-149,unit secretary,Financial Services/Banking,medinfo,MD,Aynsley,Company1322849927902320
255,2017-09-10,US,Company1692217115313,20150325,Direct Employer,32,23,20170818,4427,3,0,0,0,0,0,5,31,201736,2015-03-25,1000+,branch manager,Transportation/Logistics,retail,NE,York,Company1692217115313255
4,2017-06-15,US,Company1288490191507,20161009,Direct Employer,0,85,20170322,837,1,0,0,0,0,0,5,31,201724,2016-10-09,150-249,junior mechanical engineer,Food/Beverage Services,engmech,NJ,Tinton Falls,Company12884901915074
1,2017-02-27,US,Company231928235135,20170221,none,33,6,20170221,1152,1,0,0,0,0,0,6,35,20179,2017-02-21,50-149,division manager,Insurance,management,TX,Lubbock,Company2319282351351
6,2017-07-23,US,Company25769804305,20150911,none,30,10,20170713,766,1,0,0,0,0,0,4,27,201729,2015-09-11,750-999,wireless manager,Insurance,retail,NY,Sherman,Company257698043056
1,2017-11-20,US,Company1632087597207,20150324,Staffing Agency,0,41,20171010,3124,0,0,0,0,0,0,1,15,201747,2015-03-24,1000+,senior credit representative,Hospitality/Travel,accounting,TX,Tarrant,Company16320875972071
71,2017-10-28,US,Company1211180777730,20170713,Direct Employer,35,11,20171017,2721,2,0,0,0,0,0,4,27,201743,2017-07-13,1-49,entry level receptionist,Other,admin,NC,Kenansville,Company121118077773071
9,2018-01-19,US,Company1005022352893,20140701,Direct Employer,0,67,20171113,824,3,0,0,0,0,0,4,27,20183,2014-07-01,1-49,rehabilitation aide,Health Care/Medical,therapy,MI,Royal Oak,Company10050223528939
19,2017-12-16,US,Company1073741830322,20160929,Direct Employer,0,2,20171214,851,0,0,0,0,0,0,8,43,201750,2016-09-29,50-149,light industrial worker,Retail/Consumer Products,manufacturing,TN,Hartsville,Company107374183032219
62,2017-02-24,US,Company154618824090,20150305,Direct Employer,50,70,20161216,3900,2,0,0,0,0,0,5,31,20178,2015-03-05,50-149,payroll clerk,Retail/Consumer Products,accounting,CA,San Lorenzo,Company15461882409062
3,2017-05-21,US,Company1142461301426,20170217,Direct Employer,26,89,20170221,4235,1,0,0,0,0,0,2,19,201720,2017-02-17,1-49,l&i workers' compensation adjudicator,Non-Profit/Association,hr,PR,San Juan,Company11424613014263
31,2017-02-14,US,Company1228360648289,20151229,Direct Employer,0,8,20170206,1772,2,0,0,0,0,0,6,35,20177,2015-12-29,1-49,research consultant,Energy/Utilities,science,CO,Greenwood Village,Company122836064828931
6,2017-07-16,US,Company1039382099818,20170415,none,0,12,20170704,589,0,0,0,0,0,0,1,15,201728,2017-04-15,1-49,senior software architect,Other,techsoftware,MI,Ira,Company10393820998186
175,2017-10-17,US,Company936302872757,20130422,Direct Employer,0,9,20171008,403,1,0,0,0,0,0,9,47,201742,2013-04-22,150-249,statistician,Arts/Entertainment/Recreation,math,CT,New Haven,Company936302872757175
1,2017-06-20,US,Company919123017321,20170406,none,0,75,20170406,58,0,0,0,0,0,0,6,35,201725,2017-04-06,150-249,elementary school teacher,Agriculture,education,WI,Boulder Junction,Company9191230173211
1,2017-11-06,US,Company1382979469658,20171005,none,0,32,20171005,2919,0,0,0,0,0,0,5,31,201745,2017-10-05,50-149,senior researcher,Agriculture,science,TX,Houston,Company13829794696581
3143,2017-12-24,US,Company1108101562397,20150403,Direct Employer,20,11,20171213,1949,1,0,0,0,0,0,7,39,201751,2015-04-03,1000+,corporate attorney,Health Care/Medical,legal,MN,Minneapolis,Company11081015623973143
2,2016-12-14,US,Company824633721155,20160513,none,35,26,20161118,2423,1,0,0,0,0,0,5,31,201650,2016-05-13,1-49,assistant instructor,Staffing Firm (General),education,NY,Elma,Company8246337211552
67,2017-08-27,US,Company1047972020732,20150524,none,0,24,20170803,685,2,0,0,0,0,0,6,35,201734,2015-05-24,1-49,x-ray technician,Telecom,medtech,CA,Riverside,Company104797202073267
224,2017-05-31,US,Company962072674561,20150716,Direct Employer,0,62,20170330,1095,2,0,0,0,0,0,4,27,201722,2015-07-16,750-999,maintenance assistant,Arts/Entertainment/Recreation,install,MN,Carlton,Company962072674561224
551,2017-12-25,US,Company1297080123514,20150316,Staffing Agency,40,47,20171108,1226,3,0,0,0,0,0,5,31,201752,2015-03-16,1-49,cherry picker,Staffing Firm (General),warehouse,MA,Milton,Company1297080123514551
573,2017-10-13,US,Company1082331758626,20130515,Direct Employer,0,28,20170915,952,2,0,0,0,0,0,5,31,201741,2013-05-15,1000+,house manager,Education,service,MA,Woburn,Company1082331758626573
4,2016-12-28,US,Company1649267447310,20160225,none,0,71,20161018,1140,0,0,0,0,0,0,3,23,201652,2016-02-25,1-49,junior product manager,Energy/Utilities,techsoftware,SC,Charleston,Company16492674473104
1,2017-09-27,US,Company163208777214,20170809,Direct Employer,0,49,20170809,1250,1,1,0,1,0,0,4,27,201739,2017-08-09,1-49,quality control inspector,Construction/Engineering,install,PA,Prospect Park,Company1632087772141
3,2017-11-25,US,Company1176821048647,20171003,none,35,13,20171112,78,0,0,0,0,0,0,10,51,201747,2017-10-03,1-49,mental health case manager,Transportation/Logistics,service,VT,Putney,Company11768210486473
43,2017-10-08,US,Company1005022347328,20130924,Staffing Agency,40,69,20170731,1200,0,0,0,0,0,0,8,43,201740,2013-09-24,1000+,buyer/planner,Insurance,management,VT,Vergennes,Company100502234732843
27,2017-08-03,US,Company1589137900055,20161110,Direct Employer,0,7,20170727,2116,1,0,0,0,0,0,2,19,201731,2016-11-10,1-49,lead instructor,Defense/Security,education,LA,Chalmette,Company158913790005527
489,2018-01-23,US,Company1159641169971,20121012,Direct Employer,50,42,20171212,4460,2,0,0,0,0,0,9,47,20184,2012-10-12,1000+,production director,Health Care/Medical,management,GA,Waynesboro,Company1159641169971489
13,2017-06-08,US,Company1185410976321,20160111,Direct Employer,0,3,20170605,1454,1,0,0,0,0,0,3,23,201723,2016-01-11,150-249,qc technician,Manufacturing,manufacturing,LA,Zachary,Company118541097632113
2,2017-09-28,US,Company850403541346,20160831,Direct Employer,0,61,20170729,2106,0,0,0,0,0,0,7,39,201739,2016-08-31,1-49,event coordinator,Retail/Consumer Products,admin,DE,Delmar,Company8504035413462
1123,2017-10-11,US,Company1400159338661,20150708,Direct Employer,0,15,20170926,2077,1,0,0,0,0,0,2,19,201741,2015-07-08,150-249,registered nurse,Health Care/Medical,mednurse,TX,Lampasas,Company14001593386611123
25,2017-09-15,US,Company68719479718,20130319,Direct Employer,0,46,20170731,285,1,0,0,0,0,0,4,27,201737,2013-03-19,1-49,registered nurse - chemotherapy,Manufacturing,mednurse,NJ,Westville,Company6871947971825
11,2016-12-24,US,Company481036344429,20150125,Direct Employer,0,99,20160916,1558,0,0,0,0,0,0,3,23,201651,2015-01-25,50-149,sales support representative,Manufacturing,customer,MO,Kirkwood,Company48103634442911
3,2018-01-28,US,Company1322849940441,20170816,none,0,59,20171130,750,4,0,0,0,0,0,6,35,20184,2017-08-16,1000+,truck driver,Financial Services/Banking,driver,NJ,Pitman,Company13228499404413
59,2016-12-29,US,Company17179869185,20160113,Staffing Agency,0,22,20161207,801,0,0,0,0,0,0,1,15,201652,2016-01-13,1-49,biologist,Staffing Firm (General),science,CO,Loveland,Company1717986918559
9,2017-09-02,US,Company541165880326,20170522,Direct Employer,0,16,20170817,3611,0,0,0,0,0,0,0,11,201735,2017-05-22,1-49,reprographics operator,Job Board (General),arts,WI,Hancock,Company5411658803269
12,2017-04-29,US,Company1168231104607,20160614,none,0,33,20170327,1536,0,0,0,0,0,0,4,27,201717,2016-06-14,1000+,entry level sales consultant,Construction/Engineering,sales,CO,Denver,Company116823110460712
47,2017-06-22,US,Company893353202154,20151202,Direct Employer,0,52,20170501,3416,6,0,0,0,0,0,8,43,201725,2015-12-02,1000+,registered representative,Beauty/Wellness,sales,CA,Santa Rosa,Company89335320215447
176,2017-03-06,US,Company1245540516887,20160225,Direct Employer,35,5,20170301,955,5,0,0,0,0,0,6,35,201710,2016-02-25,1-49,passenger assistant,Health Care/Medical,customer,NY,Castleton,Company1245540516887176
73,2017-10-14,US,Company558345748528,20160202,Direct Employer,37,5,20171009,2922,4,0,0,0,0,0,9,47,201741,2016-02-02,150-249,flooring specialist,Food/Beverage Services,construction,MA,Woburn,Company55834574852873
16,2017-04-19,US,Company850403525007,20150806,Staffing Agency,0,47,20170303,1220,0,0,0,0,0,0,1,15,201716,2015-08-06,1-49,entry level programmer analyst,Staffing Firm (General),techsoftware,NJ,Ramsey,Company85040352500716
2,2016-12-22,US,Company94489288230,20160404,none,0,98,20160915,615,2,0,0,0,0,0,5,31,201651,2016-04-04,1-49,leasing manager,Food/Beverage Services,realestate,MO,Mokane,Company944892882302
36,2017-08-14,US,Company627065228173,20160920,Direct Employer,21,20,20170725,2346,2,1,0,1,0,0,7,39,201733,2016-09-20,150-249,facilities manager,Financial Services/Banking,management,MI,Grand Rapids,Company62706522817336
20,2017-07-07,US,Company1279900255291,20160318,none,0,88,20170410,428,0,0,0,0,0,0,5,31,201727,2016-03-18,1-49,account executive,Technology/Information,sales,AL,Birmingham,Company127990025529120
2,2017-04-12,US,Company910533081329,20161210,none,0,68,20170203,1025,0,0,0,0,0,0,2,19,201715,2016-12-10,1-49,oncologist,Financial Services/Banking,meddr,FL,Tavares,Company9105330813292
9,2018-01-09,US,Company1597727837159,20140924,Direct Employer,0,75,20171026,4941,13,0,0,0,0,0,15,71,20182,2014-09-24,50-149,spa associate,Defense/Security,hospitality,MN,Lino Lakes,Company15977278371599
1,2017-06-09,US,Company712964571382,20170424,Direct Employer,0,46,20170424,1583,5,0,1,1,1,0,6,35,201723,2017-04-24,150-249,senior consultant,Retail/Consumer Products,management,OH,Mount Hope,Company7129645713821
4,2016-12-12,US,Company816043786874,20160423,Direct Employer,0,43,20161030,349,3,0,0,0,0,0,6,35,201650,2016-04-23,500-749,security project manager,Retail/Consumer Products,project,SC,Pageland,Company8160437868744
2,2017-02-26,US,Company1013612282473,20161230,Direct Employer,0,58,20161230,2032,1,0,0,0,0,0,6,35,20178,2016-12-30,250-499,intern manager,Other,management,TX,Austin,Company10136122824732
168,2017-11-20,US,Company609885359785,20171101,Staffing Agency,0,6,20171114,2527,2,0,0,0,0,0,5,31,201747,2017-11-01,150-249,loss prevention manager,Staffing Firm (General),protective,MO,Queen City,Company609885359785168
15,2017-08-20,US,Company970662610782,20170324,Direct Employer,40,10,20170810,970,0,0,0,0,0,0,3,23,201733,2017-03-24,150-249,marketing coordinator,Staffing Firm (General),marketing,SC,North Charleston,Company97066261078215
2,2017-02-01,US,Company1219770722036,20170103,none,0,19,20170113,1477,6,0,0,0,0,0,7,39,20175,2017-01-03,750-999,manager,Agriculture,management,OR,Saint Helens,Company12197707220362
25,2017-09-20,US,Company816043786555,20170811,none,0,21,20170830,2618,6,0,0,0,0,0,8,43,201738,2017-08-11,1000+,entry level mechanical engineer,Media/Newspaper,engmech,SC,Aiken,Company81604378655525
14,2017-09-01,US,Company240518172158,20140913,Direct Employer,0,18,20170814,3035,1,0,0,0,0,0,4,27,201735,2014-09-13,1-49,telephone representative,Media/Newspaper,customer,IN,Danville,Company24051817215814
74,2017-09-03,US,Company1666447310856,20170719,Staffing Agency,39,13,20170821,492,1,0,0,0,0,0,5,31,201735,2017-07-19,50-149,customer service representative,Financial Services/Banking,customer,CA,Miramar,Company166644731085674
7,2017-11-22,US,Company1331439883225,20160303,Direct Employer,0,6,20171116,1022,2,0,0,0,0,0,3,23,201747,2016-03-03,750-999,boiler operator,Agriculture,install,MT,Black Eagle,Company13314398832257
45,2017-06-09,US,Company1159641169996,20141118,Direct Employer,37,40,20170430,3093,0,0,0,0,0,0,2,19,201723,2014-11-18,1000+,associate professor,Other,education,MD,Point of Rocks,Company115964116999645
2,2017-12-10,US,Company1554778177822,20171011,Direct Employer,0,15,20171125,112,0,0,0,0,0,0,3,23,201749,2017-10-11,250-499,division director,Manufacturing,management,WI,West Bend,Company15547781778222
963,2017-01-11,US,Company996432412948,20150111,Staffing Agency,0,49,20161123,1443,1,0,0,0,0,0,7,39,20172,2015-01-11,50-149,storage manager,Telecom,management,CA,Van Nuys,Company996432412948963
141,2017-03-13,US,Company1365799600250,20151028,Direct Employer,0,21,20170220,303,3,0,0,0,0,0,6,35,201711,2015-10-28,1000+,pharmacy technician,Food/Beverage Services,pharmacy,IL,Harwood Heights,Company1365799600250141
11,2017-01-25,US,Company1159641170133,20151130,Direct Employer,0,7,20170118,707,0,0,0,0,0,0,1,15,20174,2015-11-30,1-49,plastic surgeon,Advertising/Marketing,meddr,KY,Paducah,Company115964117013311
35,2017-08-06,US,Company730144440385,20170117,Staffing Agency,0,31,20170706,3869,0,0,0,0,0,0,1,15,201731,2017-01-17,1-49,sharepoint administrator,Financial Services/Banking,techhelp,NY,Colliersville,Company73014444038535
12,2017-09-07,US,Company85899360299,20170821,none,0,17,20170821,2576,3,0,0,0,0,0,6,35,201736,2017-08-21,1-49,oracle pl sql developer,Health Care/Medical,techsoftware,KY,Mount Olivet,Company8589936029912
1,2018-01-15,US,Company1700807067919,20171115,none,0,61,20171115,1614,1,0,0,0,0,0,2,19,20183,2017-11-15,1-49,treasury analyst,Arts/Entertainment/Recreation,accounting,OH,Concord Twp,Company17008070679191
507,2017-07-25,US,Company395136991415,20111101,Direct Employer,34,78,20170508,3974,1,0,0,0,0,0,3,23,201730,2011-11-01,1-49,marketing administrator,Other,marketing,WI,Evansville,Company395136991415507
31948,2017-10-12,US,Company695784701963,20120727,Staffing Agency,0,65,20170808,1593,2,0,0,0,0,0,4,27,201741,2012-07-27,250-499,laboratory manager,Health Care/Medical,management,IL,Albion,Company69578470196331948
2,2017-03-10,US,Company360777252900,20160826,Staffing Agency,30,23,20170215,474,4,0,0,0,0,0,7,39,201710,2016-08-26,250-499,2nd line support engineer,Advertising/Marketing,customer,CA,Ferndale,Company3607772529002
1,2017-08-31,US,Company712964591250,20160620,Direct Employer,35,48,20170714,883,0,0,0,0,0,0,2,19,201735,2016-06-20,250-499,appraiser,Non-Profit/Association,admin,TN,Greenbrier,Company7129645912501
220,2017-06-04,US,Company867583394052,20150728,Direct Employer,29,23,20170512,4638,6,0,0,0,0,0,8,43,201722,2015-07-28,1-49,imaging specialist,Retail/Consumer Products,medtech,TX,Irving,Company867583394052220
13,2017-03-08,US,Company214748365866,20150401,Direct Employer,0,6,20170302,1810,3,0,0,0,0,0,4,27,201710,2015-04-01,500-749,food manager,Hospitality/Travel,food,VA,Williamsburg,Company21474836586613
3,2017-01-12,US,Company1236950585208,20161007,none,0,66,20161107,172,0,0,0,0,0,0,3,23,20172,2016-10-07,50-149,checker,Manufacturing,retail,KY,Prospect,Company12369505852083
677,2017-07-20,US,Company180388626757,20150608,Staffing Agency,44,13,20170707,2154,1,0,0,0,0,0,5,31,201729,2015-06-08,1-49,senior audit supervisor,Staffing Firm (General),accounting,CA,San Diego,Company180388626757677
771,2017-09-21,US,Company1675037245589,20160808,Direct Employer,0,79,20170704,2246,1,0,0,0,0,0,6,35,201738,2016-08-08,1000+,patent attorney,Non-Profit/Association,legal,MD,Mount Rainier,Company1675037245589771
55,2017-08-16,US,Company1529008359808,20150123,none,46,40,20170707,489,4,0,0,0,0,1,6,35,201733,2015-01-23,50-149,apprentice,Media/Newspaper,uncategorized,NY,Hudson Heights,Company152900835980855
6,2017-10-10,US,Company953482752756,20170922,Staffing Agency,0,13,20170927,364,2,0,0,0,0,0,6,35,201741,2017-09-22,50-149,senior marketing associate,Manufacturing,marketing,WI,Milwaukee,Company9534827527566
228,2017-05-31,US,Company1030792151187,20150709,Direct Employer,29,82,20170310,1755,3,0,0,1,0,0,4,27,201722,2015-07-09,50-149,field inspector,Accounting/Consulting,install,CA,San Diego,Company1030792151187228
21,2017-01-03,US,Company1486058684423,20160913,Staffing Agency,38,14,20161220,256,3,0,0,0,0,0,4,27,20171,2016-09-13,1000+,counsel,Other,legal,OK,Woodward,Company148605868442321
101,2017-04-21,US,Company798863917640,20160226,Staffing Agency,0,65,20170215,735,2,0,0,0,0,0,5,31,201716,2016-02-26,150-249,traffic assistant,Hospitality/Travel,admin,ME,Fryeburg,Company798863917640101
44,2017-04-02,US,Company970662609072,20160519,Staffing Agency,41,55,20170206,1061,3,0,0,0,0,0,5,31,201713,2016-05-19,1-49,copy editor,Staffing Firm (General),media,CT,Killingworth,Company97066260907244
5,2017-03-22,US,Company1176821043388,20170117,Direct Employer,0,1,20170321,5968,0,0,0,0,0,0,2,19,201712,2017-01-17,50-149,quality assurance manager,Health Care/Medical,management,VT,Fairfax,Company11768210433885
148,2017-12-12,US,Company901943132689,20160108,Direct Employer,40,1,20171211,732,9,0,0,0,0,0,10,51,201750,2016-01-08,1000+,externship,Beauty/Wellness,uncategorized,NY,Niagara Falls,Company901943132689148
25,2017-04-12,US,Company798863917079,20160413,none,0,24,20170319,487,3,0,0,0,0,0,5,31,201715,2016-04-13,500-749,laboratory technician,Financial Services/Banking,medtech,CO,Lakewood,Company79886391707925
2,2016-12-19,US,Company712964572986,20161111,Direct Employer,40,33,20161116,758,3,0,0,0,0,0,4,27,201651,2016-11-11,250-499,senior human resources manager,Arts/Entertainment/Recreation,hr,NY,Sardinia,Company7129645729862
133,2017-07-01,US,Company1142461300790,20150316,Direct Employer,0,24,20170607,432,6,0,0,0,0,0,9,47,201726,2015-03-16,50-149,brazer,Hospitality/Travel,manufacturing,PA,Russell,Company1142461300790133
4,2017-03-05,US,Company1262720387848,20160326,none,0,88,20161207,3720,0,0,0,0,0,0,4,27,20179,2016-03-26,1000+,attorney at law,Financial Services/Banking,legal,NJ,Liberty Corner,Company12627203878484
10,2017-01-17,US,Company77309413173,20160714,Staffing Agency,0,47,20161201,176,2,0,0,0,0,0,5,31,20173,2016-07-14,50-149,office assistant,Health Care/Medical,admin,NV,Las Vegas,Company7730941317310
44,2017-03-07,US,Company1434519077333,20150408,Direct Employer,0,85,20161212,4007,4,0,0,0,0,0,10,51,201710,2015-04-08,1-49,dealer,Retail/Consumer Products,retail,GA,Atlanta,Company143451907733344
5,2017-05-28,US,Company1022202235107,20170403,none,0,31,20170427,5230,9,0,0,0,0,0,12,59,201721,2017-04-03,1000+,senior sales advisor,Telecom,sales,TX,Bryan,Company10222022351075
11,2017-06-11,US,Company94489290385,20150331,Direct Employer,0,10,20170601,1693,2,0,1,0,1,0,13,63,201723,2015-03-31,250-499,senior clinical research coordinator,Beauty/Wellness,science,GA,Peachtree City,Company9448929038511
1,2017-07-21,US,Company1116691514449,20170719,none,0,2,20170719,2719,2,0,0,0,0,0,3,23,201729,2017-07-19,1-49,quality assurance tester,Arts/Entertainment/Recreation,techinfo,CA,Sonora,Company11166915144491
2,2017-07-09,US,Company584115573756,20130319,none,0,63,20170507,5878,0,0,0,0,0,0,6,35,201727,2013-03-19,50-149,para professional,Media/Newspaper,education,IA,Humeston,Company5841155737562
3,2017-12-19,US,Company781684060031,20160222,Direct Employer,0,19,20171130,2207,1,0,0,0,0,0,3,23,201751,2016-02-22,250-499,resident engineer,Legal,engid,NY,New York,Company7816840600313
109,2017-11-03,US,Company1047972020237,20161018,Staffing Agency,38,15,20171019,1777,0,0,0,0,0,0,2,19,201744,2016-10-18,50-149,police dispatcher,Legal,protective,GA,Grayson,Company1047972020237109
2,2017-08-02,US,Company1434519091844,20170328,Direct Employer,0,54,20170609,770,0,0,0,0,0,0,4,27,201731,2017-03-28,1-49,deputy sheriff,Legal,protective,AL,Moulton,Company14345190918442
12,2017-09-29,US,Company489626271764,20161018,Direct Employer,0,0,20170929,2185,8,0,0,0,0,0,9,47,201739,2016-10-18,50-149,forklift operator,Construction/Engineering,warehouse,MO,Weatherby,Company48962627176412
1,2017-08-17,US,Company309237645552,20170710,none,0,36,20170712,1266,6,0,0,0,0,0,8,43,201733,2017-07-10,1-49,research assistant,Agriculture,science,WI,North Prairie,Company3092376455521
3,2017-11-21,US,Company618475291809,20170403,none,38,5,20171116,1879,1,0,0,0,0,0,3,23,201747,2017-04-03,1000+,call center manager,Manufacturing,management,IN,Marysville,Company6184752918093
16,2017-05-18,US,Company231928235906,20161005,Staffing Agency,50,65,20170314,2241,2,0,0,0,0,0,6,35,201720,2016-10-05,1-49,enrollment advisor,Staffing Firm (General),sales,TN,Knoxville,Company23192823590616
20,2017-03-19,US,Company1056561957479,20161003,none,0,54,20170124,425,3,0,0,0,0,0,8,43,201711,2016-10-03,500-749,client representative,Government/Military,sales,AR,Salem,Company105656195747920
14,2017-02-22,US,Company223338299573,20160620,Direct Employer,0,82,20161202,2165,1,0,0,0,0,0,4,27,20178,2016-06-20,1-49,strategic project manager,Technology/Information,project,WA,Union,Company22333829957314
559,2017-04-11,US,Company970662608945,20130102,Direct Employer,28,66,20170204,1468,3,0,0,0,0,0,9,47,201715,2013-01-02,750-999,registered nurse - telemetry,Food/Beverage Services,mednurse,AZ,Golden Valley,Company970662608945559
299,2017-01-25,US,Company85899346102,20130921,Direct Employer,0,15,20170110,1601,1,0,0,0,0,0,2,19,20174,2013-09-21,50-149,customer service manager ii,Job Board (General),customer,ND,Fargo,Company85899346102299
96,2018-01-21,US,Company601295422223,20140724,Direct Employer,32,81,20171101,903,2,0,0,0,0,0,3,23,20183,2014-07-24,1000+,truck driver,Transportation/Logistics,driver,LA,Ruston,Company60129542222396
397,2017-01-03,US,Company781684048045,20151021,Direct Employer,34,5,20161229,2985,7,0,0,0,0,0,22,99,20171,2015-10-21,500-749,tire technician,Accounting/Consulting,install,AR,Benton,Company781684048045397
1,2017-03-29,US,Company1571958047875,20170326,none,0,3,20170326,324,3,0,0,0,0,0,6,35,201713,2017-03-26,1000+,anesthesiologist,Energy/Utilities,meddr,MN,Golden Valley,Company15719580478751
93,2017-01-24,US,Company876173330839,20130710,Direct Employer,0,19,20170105,1864,9,0,0,0,0,0,10,51,20174,2013-07-10,1000+,family medicine physician,Health Care/Medical,meddr,MA,Hubbardston,Company87617333083993
52,2016-12-31,US,Company1537598293341,20130118,Direct Employer,0,12,20161219,739,0,0,0,0,0,0,0,11,201652,2013-01-18,1-49,affiliate marketing manager,Hospitality/Travel,marketing,OH,Westchester,Company153759829334152
322,2017-07-09,US,Company94489280654,20160322,Direct Employer,30,9,20170630,1915,1,0,0,0,0,0,6,35,201727,2016-03-22,50-149,pallet jack operator,Retail/Consumer Products,warehouse,CA,Calabasas,Company94489280654322
380,2017-07-02,US,Company858993459551,20140303,Staffing Agency,0,30,20170602,3151,0,0,0,0,0,0,3,23,201726,2014-03-03,50-149,entry level service technician,Health Care/Medical,install,WI,Dakota,Company858993459551380
251,2016-12-05,US,Company781684047872,20130511,Staffing Agency,0,13,20161122,1333,2,0,0,0,0,0,7,39,201649,2013-05-11,50-149,entry level accounting,Staffing Firm (General),accounting,IN,Griffith,Company781684047872251
342,2017-11-15,US,Company1640677507178,20150610,Direct Employer,0,44,20171002,2562,6,0,0,0,0,0,10,51,201746,2015-06-10,250-499,senior staff assistant,Health Care/Medical,admin,KY,Villa Hills,Company1640677507178342
1,2017-07-29,US,Company1254130475576,20170721,none,0,8,20170721,1656,1,0,0,0,0,0,4,27,201730,2017-07-21,1-49,server architect,Legal,techsoftware,CA,Panorama City,Company12541304755761
2,2017-09-30,US,Company17179873883,20170719,none,0,31,20170830,170,0,0,0,0,0,0,7,39,201739,2017-07-19,1-49,strategic project manager,Legal,project,FL,Port Charlotte,Company171798738832
12,2017-06-10,US,Company919123007745,20121023,Direct Employer,0,47,20170424,409,1,0,0,0,0,0,5,31,201723,2012-10-23,1-49,junior marketing manager,Food/Beverage Services,marketing,MN,Mankato,Company91912300774512
1,2017-09-29,US,Company730144452640,20130312,none,0,32,20170828,1741,1,0,0,0,0,0,2,19,201739,2013-03-12,1-49,certified dietary manager,Food/Beverage Services,food,VA,Hampton Roads,Company7301444526401
4,2016-12-12,US,Company446676599270,20161103,Staffing Agency,34,39,20161103,376,1,0,0,0,0,0,2,19,201650,2016-11-03,1000+,general counsel,Staffing Firm (General),legal,OH,Grove City,Company4466765992704
9,2017-07-05,US,Company876173333331,20160825,Direct Employer,0,21,20170614,531,1,0,0,0,0,0,2,19,201727,2016-08-25,1-49,e-commerce manager,Financial Services/Banking,marketing,NJ,Linden,Company8761733333319
95,2017-03-22,US,Company652835029292,20150309,Staffing Agency,0,2,20170320,321,1,0,0,1,0,0,6,35,201712,2015-03-09,1-49,activity specialist,Other,service,VA,Charlottesville,Company65283502929295
26,2017-10-21,US,Company1391569407923,20150618,Direct Employer,40,43,20170908,2470,5,0,0,0,0,0,7,39,201742,2015-06-18,50-149,senior quality assurance analyst,Manufacturing,techinfo,PA,Highspire,Company139156940792326
297,2017-08-21,US,Company807453852493,20140114,Direct Employer,0,45,20170707,1782,4,0,0,0,0,0,6,35,201734,2014-01-14,150-249,campus representative,Real Estate,marketing,NC,Burnsville,Company807453852493297
345,2017-01-29,US,Company343597383925,20150928,Direct Employer,34,5,20170124,3792,0,0,0,0,0,0,1,15,20174,2015-09-28,50-149,computer vision engineer,Energy/Utilities,techsoftware,NY,Glenmont,Company343597383925345
187,2017-09-11,US,Company1322849928773,20150512,Direct Employer,0,26,20170816,1475,2,0,0,0,0,0,7,39,201737,2015-05-12,150-249,senior sourcing manager,Real Estate,management,MN,Minnetonka,Company1322849928773187
441,2017-01-29,US,Company970662608945,20130102,Direct Employer,28,55,20161205,609,4,0,0,0,0,0,5,31,20174,2013-01-02,1000+,senior proposal coordinator,Food/Beverage Services,management,NC,Raleigh-Durham,Company970662608945441
15,2017-05-05,US,Company1451698946352,20161003,none,0,11,20170424,2276,0,0,0,0,0,0,6,35,201718,2016-10-03,1000+,user experience manager,Telecom,techinfo,UT,Salt Lake City,Company145169894635215
19,2017-12-08,US,Company481036337949,20150126,Direct Employer,0,15,20171123,2835,0,0,0,0,0,0,5,31,201749,2015-01-26,500-749,claims clerk,Automotive,insurance,NY,Friendship,Company48103633794919
4,2017-12-05,US,Company1219770713798,20161017,none,0,4,20171201,370,1,0,0,0,0,0,11,55,201749,2016-10-17,1-49,volunteer firefighter,Automotive,protective,KS,Prairie Village,Company12197707137984
26,2017-01-07,US,Company1374389537231,20150609,Direct Employer,0,4,20170103,993,5,0,0,0,0,0,6,35,20171,2015-06-09,750-999,senior machinist,Manufacturing,manufacturing,NA,NA,Company137438953723126
1,2017-03-29,US,Company146028894498,20170112,Direct Employer,0,76,20170112,486,3,0,0,0,0,0,5,31,201713,2017-01-12,1-49,admissions clerk,Construction/Engineering,medinfo,MA,Braggville,Company1460288944981
1214,2018-01-05,US,Company704374636777,20131105,Staffing Agency,33,2,20180103,1821,14,0,0,0,0,0,16,75,20181,2013-11-05,500-749,sap consultant,Staffing Firm (General),techhelp,TN,Covington,Company7043746367771214
30,2017-07-17,US,Company876173331349,20160625,Staffing Agency,0,10,20170707,5092,1,0,0,0,0,0,2,19,201729,2016-06-25,1-49,fashion consultant,Other,sales,TN,Nashville,Company87617333134930
251,2016-12-07,US,Company901943132191,20150422,Direct Employer,38,26,20161111,1813,0,0,0,0,0,0,3,23,201649,2015-04-22,1000+,religious education teacher,Food/Beverage Services,education,TX,Keene,Company901943132191251
19,2017-09-23,US,Company644245095619,20150820,none,0,21,20170902,1040,4,0,0,0,0,0,8,43,201738,2015-08-20,1-49,senior operations clerk,Job Board (General),admin,OH,Cincinnati,Company64424509561919
60,2016-12-25,US,Company1546188227322,20150825,none,20,81,20161005,3024,0,0,0,0,0,0,3,23,201651,2015-08-25,150-249,staff accountant,Government/Military,accounting,LA,West Monroe,Company154618822732260
157,2017-11-08,US,Company884763263780,20150310,Direct Employer,0,12,20171027,3478,4,1,0,0,0,1,16,75,201745,2015-03-10,1-49,regional sales manager,Food/Beverage Services,sales,NJ,Edison,Company884763263780157
3,2017-07-01,US,Company489626278673,20160618,none,0,84,20170408,205,2,0,0,0,0,0,3,23,201726,2016-06-18,750-999,cad manager,Energy/Utilities,management,SC,Charleston,Company4896262786733
42,2017-08-04,US,Company575525619163,20160308,Direct Employer,0,87,20170509,2482,0,0,0,0,0,0,3,23,201731,2016-03-08,1000+,senior operations engineer,Energy/Utilities,techsoftware,NY,New Hyde Park,Company57552561916342
54,2017-10-18,US,Company1692217115145,20160421,Staffing Agency,0,9,20171009,100,2,0,0,0,0,0,5,31,201742,2016-04-21,1-49,front desk manager,Insurance,admin,AR,Hot Springs,Company169221711514554
9,2016-12-10,US,Company1254130456841,20150720,Direct Employer,0,69,20161002,57,5,0,0,0,0,0,7,39,201649,2015-07-20,1-49,team manager,Food/Beverage Services,management,CA,Los Angeles,Company12541304568419
6,2017-07-01,US,Company1468878831710,20170412,Direct Employer,0,80,20170412,51,3,0,0,0,0,0,7,39,201726,2017-04-12,750-999,shipping coordinator,Education,transport,AZ,San Manuel,Company14688788317106
265,2017-04-03,US,Company704374637434,20151109,Direct Employer,38,11,20170323,1834,1,0,0,0,0,0,7,39,201714,2015-11-09,150-249,employment coordinator,Media/Newspaper,hr,NE,Omaha,Company704374637434265
10,2017-05-07,US,Company781684054133,20130218,Direct Employer,0,65,20170303,854,0,0,0,0,0,0,2,19,201718,2013-02-18,250-499,child welfare specialist,Health Care/Medical,service,CA,Torrance,Company78168405413310
2,2017-05-29,US,Company833223674584,20170109,none,0,83,20170307,857,0,0,0,0,0,0,6,35,201722,2017-01-09,1000+,host/server,Beauty/Wellness,food,NY,Monroe,Company8332236745842
7,2017-03-11,US,Company1434519087481,20141230,Staffing Agency,0,24,20170215,528,2,0,0,0,0,0,5,31,201710,2014-12-30,50-149,junior producer,Automotive,arts,KS,Edgerton,Company14345190874817
1,2017-01-10,US,Company644245100410,20161031,none,0,71,20161031,206,2,0,0,0,0,0,4,27,20172,2016-10-31,50-149,day porter,Accounting/Consulting,sanitation,PR,Carolina,Company6442451004101
3,2017-06-26,US,Company51539609112,20170613,Direct Employer,0,13,20170613,375,0,0,0,0,0,0,5,31,201726,2017-06-13,50-149,desktop support technician ii,Financial Services/Banking,customer,CA,Heber,Company515396091123
9,2016-12-09,US,Company257698037954,20160302,Direct Employer,0,23,20161116,729,2,0,0,0,0,0,5,31,201649,2016-03-02,1000+,entry level sales consultant,Government/Military,sales,KS,Olathe,Company2576980379549
2,2016-12-21,US,Company695784714799,20140218,none,0,14,20161207,1611,2,0,0,0,0,0,5,31,201651,2014-02-18,500-749,roofer/laborer,Retail/Consumer Products,construction,MI,Troy,Company6957847147992
111,2017-02-20,US,Company695784702359,20150904,Direct Employer,10,18,20170202,295,5,0,0,0,0,0,9,47,20178,2015-09-04,1-49,junior interior designer,Health Care/Medical,arch,PA,DuBois,Company695784702359111
1,2017-05-13,US,Company1486058688879,20170225,none,0,77,20170225,988,1,0,0,0,0,0,6,35,201719,2017-02-25,1-49,qc technician,Staffing Firm (General),manufacturing,FL,Miami,Company14860586888791
28,2017-03-28,US,Company970662609072,20150415,Staffing Agency,0,64,20170123,765,7,0,0,0,0,0,8,43,201713,2015-04-15,50-149,senior risk analyst,Automotive,finance,MS,Long Beach,Company97066260907228
482,2017-08-28,US,Company1245540515950,20150622,Staffing Agency,37,25,20170803,2787,1,0,0,0,0,0,6,35,201735,2015-06-22,50-149,licensing manager,Health Care/Medical,management,PA,Wilkinsburg,Company1245540515950482
30,2017-05-17,US,Company103079215116,20160609,Direct Employer,29,49,20170329,258,4,0,0,0,0,0,6,35,201720,2016-06-09,1000+,licensed practical nurse,Health Care/Medical,mednurse,PA,Harrisburg,Company10307921511630
115,2017-07-13,US,Company575525617712,20141230,none,0,5,20170708,1803,0,0,0,0,0,0,2,19,201728,2014-12-30,1000+,travel coordinator,Energy/Utilities,admin,NY,Mount Kisco,Company575525617712115
1,2017-05-21,US,Company85899363077,20170427,none,0,24,20170427,147,1,0,0,0,0,0,3,23,201720,2017-04-27,1-49,pc technician,Other,install,MI,Whitehall,Company858993630771
443,2017-03-09,US,Company1322849928322,20130315,Direct Employer,10,62,20170106,1670,0,0,0,0,0,0,2,19,201710,2013-03-15,500-749,temporary laborer,Beauty/Wellness,uncategorized,NY,John F. Kennedy Airport,Company1322849928322443
